
{
    "toruspose": [-10, 20, 30, 0, 0, 0],
    "kimpose": [-30.20011980328247, -4.56446210411323, -12.650973171970572, 0.5, 0.45, 0.25]
}
